<configuration xmlns="urn:hornetq"
               xmlns:xsi="http://www.w3.org/2001/XMLSchema-instance"
               xsi:schemaLocation="urn:hornetq /schema/hornetq-configuration.xsd">

   <paging-directory>${data.dir:../data}/paging</paging-directory>
   
   <bindings-directory>${data.dir:../data}/bindings</bindings-directory>
   
   <journal-directory>${data.dir:../data}/journal</journal-directory>
   
   <journal-min-files>10</journal-min-files>
   
   <large-messages-directory>${data.dir:../data}/large-messages</large-messages-directory>
    <security-enabled>false</security-enabled>
   <connectors>
      <connector name="netty">
         <factory-class>org.hornetq.core.remoting.impl.netty.NettyConnectorFactory</factory-class>
         <param key="host"  value="${hornetq.remoting.netty.host:localhost}"/>
         <param key="port"  value="${hornetq.remoting.netty.port:5445}"/>
      </connector>
      
      <connector name="netty-throughput">
         <factory-class>org.hornetq.core.remoting.impl.netty.NettyConnectorFactory</factory-class>
         <param key="host"  value="${hornetq.remoting.netty.host:localhost}"/>
         <param key="port"  value="${hornetq.remoting.netty.batch.port:5455}"/>
         <param key="batch-delay" value="50"/>
      </connector>
   </connectors>

   <acceptors>
      <acceptor name="netty">
         <factory-class>org.hornetq.core.remoting.impl.netty.NettyAcceptorFactory</factory-class>
         <param key="host"  value="${hornetq.remoting.netty.host:localhost}"/>
         <param key="port"  value="${hornetq.remoting.netty.port:5445}"/>
      </acceptor>
      
      <acceptor name="netty-throughput">
         <factory-class>org.hornetq.core.remoting.impl.netty.NettyAcceptorFactory</factory-class>
         <param key="host"  value="${hornetq.remoting.netty.host:localhost}"/>
         <param key="port"  value="${hornetq.remoting.netty.batch.port:5455}"/>
         <param key="batch-delay" value="50"/>
         <param key="direct-deliver" value="false"/>
      </acceptor>
	  <acceptor name="stomp-acceptor">
         <factory-class>org.hornetq.core.remoting.impl.netty.NettyAcceptorFactory</factory-class>        
         <param key="protocol" value="stomp" />
         <param key="port" value="61613" />
      </acceptor>

   </acceptors>

   <security-settings>
      <security-setting match="#">
         <permission type="createNonDurableQueue" roles="guest"/>
         <permission type="deleteNonDurableQueue" roles="guest"/>
         <permission type="consume" roles="guest"/>
         <permission type="send" roles="guest"/>
      </security-setting>
   </security-settings>

   <address-settings>
      <!--default for catch all-->
      <address-setting match="#">
         <dead-letter-address>jms.queue.DLQ</dead-letter-address>
         <expiry-address>jms.queue.ExpiryQueue</expiry-address>
         <redelivery-delay>0</redelivery-delay>
         <max-size-bytes>10485760</max-size-bytes>       
         <message-counter-history-day-limit>10</message-counter-history-day-limit>
         <address-full-policy>BLOCK</address-full-policy>
      </address-setting>
   </address-settings>
<management-address>jms.queue.hornetq.management</management-address>
</configuration>
